"0","duplicate_tips <- big_tree$tip.label[duplicated(big_tree$tip.label)]"
"0","duplicate_tips"
"1","   [1]"
"1"," ""Opsarius_koratensis""              "
"1"," ""Distichodus_fasciolatus""          "
"1","
"
"1","   [3]"
"1"," ""Lactarius_lactarius""              "
"1"," ""Banjos_banjos""                    "
"1","
"
"1","   [5]"
"1"," ""Callorhinchus_milii""              "
"1"," ""Leucoraja_erinacea""               "
"1","
"
"1","   [7]"
"1"," ""Gambusia_affinis""                 "
"1"," ""Belonesox_belizanus""              "
"1","
"
"1","   [9]"
"1"," ""Poeciliopsis_elongata""            "
"1"," ""Heterandria_formosa""              "
"1","
"
"1","  [11]"
"1"," ""Poecilia_latipinna""               "
"1"," ""Jordanella_floridae""              "
"1","
"
"1","  [13]"
"1"," ""Floridichthys_carpio""             "
"1"," ""Fundulus_blairae""                 "
"1","
"
"1","  [15]"
"1"," ""Adinia_xenica""                    "
"1"," ""Fundulus_chrysotus""               "
"1","
"
"1","  [17]"
"1"," ""Lucania_parva""                    "
"1"," ""Fundulus_parvipinnis""             "
"1","
"
"1","  [19]"
"1"," ""Pachypanchax_playfairii""          "
"1"," ""Cheilopogon_dorsomacula""          "
"1","
"
"1","  [21]"
"1"," ""Prognichthys_brevipinnis""         "
"1"," ""Hirundichthys_marginatus""         "
"1","
"
"1","  [23]"
"1"," ""Cheilopogon_melanurus""            "
"1"," ""Exocoetus_monocirrhus""            "
"1","
"
"1","  [25]"
"1"," ""Cypselurus_callopterus""           "
"1"," ""Parexocoetus_brachypterus""        "
"1","
"
"1","  [27]"
"1"," ""Hemiramphus_brasiliensis""         "
"1"," ""Hyporhamphus_affinis""             "
"1","
"
"1","  [29]"
"1"," ""Hyporhamphus_dussumieri""          "
"1"," ""Cololabis_saira""                  "
"1","
"
"1","  [31]"
"1"," ""Ablennes_hians""                   "
"1"," ""Xenentodon_cancila""               "
"1","
"
"1","  [33]"
"1"," ""Dermogenys_collettei""             "
"1"," ""Oryzias_latipes""                  "
"1","
"
"1","  [35]"
"1"," ""Melanotaenia_trifasciata""         "
"1"," ""Rhadinocentrus_ornatus""           "
"1","
"
"1","  [37]"
"1"," ""Pseudomugil_signifer""             "
"1"," ""Pseudomugil_gertrudae""            "
"1","
"
"1","  [39]"
"1"," ""Marosatherina_ladigesi""           "
"1"," ""Atherinomorus_vaigiensis""         "
"1","
"
"1","  [41]"
"1"," ""Atherinomorus_lacunosus""          "
"1"," ""Atherinomorus_stipes""             "
"1","
"
"1","  [43]"
"1"," ""Rheocles_wrightae""                "
"1"," ""Craterocephalus_honoriae""         "
"1","
"
"1","  [45]"
"1"," ""Poblana_ferdebueni""               "
"1"," ""Menidia_peninsulae""               "
"1","
"
"1","  [47]"
"1"," ""Menidia_beryllina""                "
"1"," ""Menidia_menidia""                  "
"1","
"
"1","  [49]"
"1"," ""Labidesthes_sicculus""             "
"1"," ""Membras_martinica""                "
"1","
"
"1","  [51]"
"1"," ""Odontesthes_bonariensis""          "
"1"," ""Odontesthes_retropinnis""          "
"1","
"
"1","  [53]"
"1"," ""Odontesthes_argentinensis""        "
"1"," ""Odontesthes_humensis""             "
"1","
"
"1","  [55]"
"1"," ""Atherinopsis_californiensis""      "
"1"," ""Maylandia_zebra""                  "
"1","
"
"1","  [57]"
"1"," ""Astatotilapia_burtoni""            "
"1"," ""Neolamprologus_brichardi""         "
"1","
"
"1","  [59]"
"1"," ""Steatocranus_gibbiceps""           "
"1"," ""Oreochromis_niloticus""            "
"1","
"
"1","  [61]"
"1"," ""Nanochromis_parilus""              "
"1"," ""Herichthys_cyanoguttatus""         "
"1","
"
"1","  [63]"
"1"," ""Symphysodon_discus""               "
"1"," ""Heros_efasciatus""                 "
"1","
"
"1","  [65]"
"1"," ""Crenicichla_lepidota""             "
"1"," ""Cichla_temensis""                  "
"1","
"
"1","  [67]"
"1"," ""Paretroplus_maculatus""            "
"1"," ""Etroplus_maculatus""               "
"1","
"
"1","  [69]"
"1"," ""Ptychochromis_grandidieri""        "
"1"," ""Paratilapia_polleni""              "
"1","
"
"1","  [71]"
"1"," ""Heterochromis_multidens""          "
"1"," ""Pholidichthys_leucotaenia""        "
"1","
"
"1","  [73]"
"1"," ""Polycentrus_schomburgkii""         "
"1"," ""Monocirrhus_polyacanthus""         "
"1","
"
"1","  [75]"
"1"," ""Emblemaria_pandionis""             "
"1"," ""Lucayablennius_zingaro""           "
"1","
"
"1","  [77]"
"1"," ""Acanthemblemaria_aspera""          "
"1"," ""Acanthemblemaria_paula""           "
"1","
"
"1","  [79]"
"1"," ""Gillellus_semicinctus""            "
"1"," ""Platygillellus_rubrocinctus""      "
"1","
"
"1","  [81]"
"1"," ""Paraclinus_marmoratus""            "
"1"," ""Stathmonotus_stahli""              "
"1","
"
"1","  [83]"
"1"," ""Starksia_fasciata""                "
"1"," ""Starksia_atlantica""               "
"1","
"
"1","  [85]"
"1"," ""Starksia_ocellata""                "
"1"," ""Malacoctenus_triangulatus""        "
"1","
"
"1","  [87]"
"1"," ""Malacoctenus_aurolineatus""        "
"1"," ""Labrisomus_nigricinctus""          "
"1","
"
"1","  [89]"
"1"," ""Labrisomus_bucciferus""            "
"1"," ""Labrisomus_guppyi""                "
"1","
"
"1","  [91]"
"1"," ""Neoclinus_blanchardi""             "
"1"," ""Clinus_superciliosus""             "
"1","
"
"1","  [93]"
"1"," ""Pavoclinus_profundus""             "
"1"," ""Blennophis_striatus""              "
"1","
"
"1","  [95]"
"1"," ""Clinus_cottoides""                 "
"1"," ""Muraenoclinus_dorsalis""           "
"1","
"
"1","  [97]"
"1"," ""Gibbonsia_metzi""                  "
"1"," ""Hypsoblennius_hentz""              "
"1","
"
"1","  [99]"
"1"," ""Petroscirtes_mitratus""            "
"1"," ""Meiacanthus_oualanensis""          "
"1","
"
"1"," [101]"
"1"," ""Plagiotremus_tapeinosoma""         "
"1"," ""Plagiotremus_rhinorhynchos""       "
"1","
"
"1"," [103]"
"1"," ""Istiblennius_dussumieri""          "
"1"," ""Blenniella_paula""                 "
"1","
"
"1"," [105]"
"1"," ""Ecsenius_bicolor""                 "
"1"," ""Blenniella_chrysospilos""          "
"1","
"
"1"," [107]"
"1"," ""Blenniella_cyanostigma""           "
"1"," ""Entomacrodus_striatus""            "
"1","
"
"1"," [109]"
"1"," ""Entomacrodus_nigricans""           "
"1"," ""Entomacrodus_niuafoouensis""       "
"1","
"
"1"," [111]"
"1"," ""Praealticus_caesius""              "
"1"," ""Atrosalarias_fuscus""              "
"1","
"
"1"," [113]"
"1"," ""Salarias_fasciatus""               "
"1"," ""Alticus_arnoldorum""               "
"1","
"
"1"," [115]"
"1"," ""Nannosalarias_nativitatis""        "
"1"," ""Cirripectes_stigmaticus""          "
"1","
"
"1"," [117]"
"1"," ""Cirripectes_castaneus""            "
"1"," ""Cirripectes_filamentosus""         "
"1","
"
"1"," [119]"
"1"," ""Cirripectes_quagga""               "
"1"," ""Ophioblennius_atlanticus""         "
"1","
"
"1"," [121]"
"1"," ""Ecsenius_opsifrontalis""           "
"1"," ""Ecsenius_pardus""                  "
"1","
"
"1"," [123]"
"1"," ""Ecsenius_midas""                   "
"1"," ""Helcogramma_ellioti""              "
"1","
"
"1"," [125]"
"1"," ""Helcogramma_fuscopinna""           "
"1"," ""Enneapterygius_abeli""             "
"1","
"
"1"," [127]"
"1"," ""Enneapterygius_gruschkai""         "
"1"," ""Enneanectes_boehlkei""             "
"1","
"
"1"," [129]"
"1"," ""Enneanectes_altivelis""            "
"1"," ""Gobiesox_maeandricus""             "
"1","
"
"1"," [131]"
"1"," ""Diademichthys_lineatus""           "
"1"," ""Lepadichthys_lineatus""            "
"1","
"
"1"," [133]"
"1"," ""Opistognathus_maxillosus""         "
"1"," ""Opistognathus_aurifrons""          "
"1","
"
"1"," [135]"
"1"," ""Lonchopisthus_micrognathus""       "
"1"," ""Gramma_loreto""                    "
"1","
"
"1"," [137]"
"1"," ""Lipogramma_anabantoides""          "
"1"," ""Lipogramma_trilineata""            "
"1","
"
"1"," [139]"
"1"," ""Pseudochromis_fridmani""           "
"1"," ""Pseudochromis_jamesi""             "
"1","
"
"1"," [141]"
"1"," ""Pseudochromis_cyanotaenia""        "
"1"," ""Pholidochromis_cerasina""          "
"1","
"
"1"," [143]"
"1"," ""Ogilbyina_novaehollandiae""        "
"1"," ""Labracinus_cyclophthalmus""        "
"1","
"
"1"," [145]"
"1"," ""Pseudoplesiops_revellei""          "
"1"," ""Plesiops_coeruleolineatus""        "
"1","
"
"1"," [147]"
"1"," ""Phanerodon_furcatus""              "
"1"," ""Rhacochilus_vacca""                "
"1","
"
"1"," [149]"
"1"," ""Zalembius_rosaceus""               "
"1"," ""Embiotoca_jacksoni""               "
"1","
"
"1"," [151]"
"1"," ""Embiotoca_lateralis""              "
"1"," ""Cymatogaster_aggregata""           "
"1","
"
"1"," [153]"
"1"," ""Hyperprosopon_anale""              "
"1"," ""Pomacentrus_brachialis""           "
"1","
"
"1"," [155]"
"1"," ""Pomacentrus_spilotoceps""          "
"1"," ""Pomacentrus_pavo""                 "
"1","
"
"1"," [157]"
"1"," ""Amphiprion_clarkii""               "
"1"," ""Amphiprion_ocellaris""             "
"1","
"
"1"," [159]"
"1"," ""Neopomacentrus_cyanomos""          "
"1"," ""Neoglyphidodon_melas""             "
"1","
"
"1"," [161]"
"1"," ""Neoglyphidodon_polyacanthus""      "
"1"," ""Acanthochromis_polyacanthus""      "
"1","
"
"1"," [163]"
"1"," ""Amblyglyphidodon_leucogaster""     "
"1"," ""Chrysiptera_taupou""               "
"1","
"
"1"," [165]"
"1"," ""Pomachromis_richardsoni""          "
"1"," ""Dischistodus_perspicillatus""      "
"1","
"
"1"," [167]"
"1"," ""Chromis_atripectoralis""           "
"1"," ""Azurina_hirundo""                  "
"1","
"
"1"," [169]"
"1"," ""Chromis_cyanea""                   "
"1"," ""Chromis_dimidiata""                "
"1","
"
"1"," [171]"
"1"," ""Dascyllus_carneus""                "
"1"," ""Dascyllus_trimaculatus""           "
"1","
"
"1"," [173]"
"1"," ""Dascyllus_reticulatus""            "
"1"," ""Dascyllus_aruanus""                "
"1","
"
"1"," [175]"
"1"," ""Abudefduf_sexfasciatus""           "
"1"," ""Abudefduf_saxatilis""              "
"1","
"
"1"," [177]"
"1"," ""Abudefduf_vaigiensis""             "
"1"," ""Plectroglyphidodon_johnstonianus"" "
"1","
"
"1"," [179]"
"1"," ""Plectroglyphidodon_dickii""        "
"1"," ""Microspathodon_chrysurus""         "
"1","
"
"1"," [181]"
"1"," ""Microspathodon_bairdii""           "
"1"," ""Hypsypops_rubicundus""             "
"1","
"
"1"," [183]"
"1"," ""Stegastes_diencaeus""              "
"1"," ""Stegastes_fuscus""                 "
"1","
"
"1"," [185]"
"1"," ""Stegastes_partitus""               "
"1"," ""Lepidozygus_tapeinosoma""          "
"1","
"
"1"," [187]"
"1"," ""Stegastes_albifasciatus""          "
"1"," ""Parma_microlepis""                 "
"1","
"
"1"," [189]"
"1"," ""Congrogadus_subducens""            "
"1"," ""Halidesmus_scapularis""            "
"1","
"
"1"," [191]"
"1"," ""Chelon_macrolepis""                "
"1"," ""Liza_richardsonii""                "
"1","
"
"1"," [193]"
"1"," ""Myxus_capensis""                   "
"1"," ""Moolgarda_engeli""                 "
"1","
"
"1"," [195]"
"1"," ""Valamugil_buchanani""              "
"1"," ""Crenimugil_crenilabis""            "
"1","
"
"1"," [197]"
"1"," ""Neomyxus_leuciscus""               "
"1"," ""Mugil_curema""                     "
"1","
"
"1"," [199]"
"1"," ""Mugil_trichodon""                  "
"1"," ""Mugil_cephalus""                   "
"1","
"
"1"," [201]"
"1"," ""Ambassis_interrupta""              "
"1"," ""Ambassis_agrammus""                "
"1","
"
"1"," [203]"
"1"," ""Ambassis_urotaenia""               "
"1"," ""Parambassis_ranga""                "
"1","
"
"1"," [205]"
"1"," ""Solea_solea""                      "
"1"," ""Pegusa_lascaris""                  "
"1","
"
"1"," [207]"
"1"," ""Soleichthys_heterorhinos""         "
"1"," ""Pseudaesopia_japonica""            "
"1","
"
"1"," [209]"
"1"," ""Heteromycteris_japonicus""         "
"1"," ""Cynoglossus_interruptus""          "
"1","
"
"1"," [211]"
"1"," ""Aseraggodes_heemstrai""            "
"1"," ""Aseraggodes_kobensis""             "
"1","
"
"1"," [213]"
"1"," ""Samariscus_japonicus""             "
"1"," ""Samariscus_xenicus""               "
"1","
"
"1"," [215]"
"1"," ""Plagiopsetta_glossa""              "
"1"," ""Trinectes_maculatus""              "
"1","
"
"1"," [217]"
"1"," ""Achirus_lineatus""                 "
"1"," ""Gymnachirus_texae""                "
"1","
"
"1"," [219]"
"1"," ""Gymnachirus_melas""                "
"1"," ""Samariscus_latus""                 "
"1","
"
"1"," [221]"
"1"," ""Bothus_lunatus""                   "
"1"," ""Bothus_robinsi""                   "
"1","
"
"1"," [223]"
"1"," ""Psettina_tosana""                  "
"1"," ""Trichopsetta_ventralis""           "
"1","
"
"1"," [225]"
"1"," ""Asterorhombus_cocosensis""         "
"1"," ""Chascanopsetta_lugubris""          "
"1","
"
"1"," [227]"
"1"," ""Laeops_kitaharae""                 "
"1"," ""Arnoglossus_imperialis""           "
"1","
"
"1"," [229]"
"1"," ""Syacium_micrurum""                 "
"1"," ""Cyclopsetta_chittendeni""          "
"1","
"
"1"," [231]"
"1"," ""Symphurus_plagiusa""               "
"1"," ""Symphurus_civitatium""             "
"1","
"
"1"," [233]"
"1"," ""Symphurus_atricaudus""             "
"1"," ""Poecilopsetta_beanii""             "
"1","
"
"1"," [235]"
"1"," ""Poecilopsetta_plinthus""           "
"1"," ""Neoachiropsetta_milfordi""         "
"1","
"
"1"," [237]"
"1"," ""Mancopsetta_maculata""             "
"1"," ""Platichthys_stellatus""            "
"1","
"
"1"," [239]"
"1"," ""Pleuronectes_platessa""            "
"1"," ""Lepidopsetta_bilineata""           "
"1","
"
"1"," [241]"
"1"," ""Isopsetta_isolepis""               "
"1"," ""Psettichthys_melanostictus""       "
"1","
"
"1"," [243]"
"1"," ""Parophrys_vetulus""                "
"1"," ""Limanda_limanda""                  "
"1","
"
"1"," [245]"
"1"," ""Hippoglossoides_elassodon""        "
"1"," ""Embassichthys_bathybius""          "
"1","
"
"1"," [247]"
"1"," ""Microstomus_pacificus""            "
"1"," ""Glyptocephalus_zachirus""          "
"1","
"
"1"," [249]"
"1"," ""Eopsetta_jordani""                 "
"1"," ""Hippoglossus_hippoglossus""        "
"1","
"
"1"," [251]"
"1"," ""Lyopsetta_exilis""                 "
"1"," ""Hypsopsetta_guttulata""            "
"1","
"
"1"," [253]"
"1"," ""Etropus_crossotus""                "
"1"," ""Citharichthys_sordidus""           "
"1","
"
"1"," [255]"
"1"," ""Etropus_microstomus""              "
"1"," ""Citharichthys_arctifrons""         "
"1","
"
"1"," [257]"
"1"," ""Paralichthys_californicus""        "
"1"," ""Paralichthys_dentatus""            "
"1","
"
"1"," [259]"
"1"," ""Paralichthys_albigutta""           "
"1"," ""Pseudorhombus_pentophthalmus""     "
"1","
"
"1"," [261]"
"1"," ""Gastropsetta_frontalis""           "
"1"," ""Ancylopsetta_ommata""              "
"1","
"
"1"," [263]"
"1"," ""Xystreurys_liolepis""              "
"1"," ""Atheresthes_evermanni""            "
"1","
"
"1"," [265]"
"1"," ""Lepidorhombus_boscii""             "
"1"," ""Scophthalmus_maximus""             "
"1","
"
"1"," [267]"
"1"," ""Scophthalmus_aquosus""             "
"1"," ""Citharus_linguatula""              "
"1","
"
"1"," [269]"
"1"," ""Citharoides_macrolepis""           "
"1"," ""Lepidoblepharon_ophthalmolepis""   "
"1","
"
"1"," [271]"
"1"," ""Psettodes_belcheri""               "
"1"," ""Psettodes_erumei""                 "
"1","
"
"1"," [273]"
"1"," ""Sphyraena_sphyraena""              "
"1"," ""Sphyraena_argentea""               "
"1","
"
"1"," [275]"
"1"," ""Sphyraena_japonica""               "
"1"," ""Sphyraena_jello""                  "
"1","
"
"1"," [277]"
"1"," ""Sphyraena_putnamae""               "
"1"," ""Sphyraena_barracuda""              "
"1","
"
"1"," [279]"
"1"," ""Lactarius_lactarius""              "
"1"," ""Centropomus_ensiferus""            "
"1","
"
"1"," [281]"
"1"," ""Centropomus_medius""               "
"1"," ""Centropomus_undecimalis""          "
"1","
"
"1"," [283]"
"1"," ""Centropomus_viridis""              "
"1"," ""Caranx_crysos""                    "
"1","
"
"1"," [285]"
"1"," ""Caranx_ignobilis""                 "
"1"," ""Caranx_sexfasciatus""              "
"1","
"
"1"," [287]"
"1"," ""Gnathanodon_speciosus""            "
"1"," ""Atule_mate""                       "
"1","
"
"1"," [289]"
"1"," ""Chloroscombrus_chrysurus""         "
"1"," ""Selene_setapinnis""                "
"1","
"
"1"," [291]"
"1"," ""Selene_brownii""                   "
"1"," ""Alectis_ciliaris""                 "
"1","
"
"1"," [293]"
"1"," ""Uraspis_secunda""                  "
"1"," ""Carangoides_ferdau""               "
"1","
"
"1"," [295]"
"1"," ""Trachurus_lathami""                "
"1"," ""Decapterus_punctatus""             "
"1","
"
"1"," [297]"
"1"," ""Selar_crumenophthalmus""           "
"1"," ""Decapterus_macarellus""            "
"1","
"
"1"," [299]"
"1"," ""Seriola_rivoliana""                "
"1"," ""Seriola_dumerili""                 "
"1","
"
"1"," [301]"
"1"," ""Elagatis_bipinnulata""             "
"1"," ""Trachinotus_falcatus""             "
"1","
"
"1"," [303]"
"1"," ""Trachinotus_carolinus""            "
"1"," ""Trachinotus_ovatus""               "
"1","
"
"1"," [305]"
"1"," ""Scomberoides_lysan""               "
"1"," ""Oligoplites_saurus""               "
"1","
"
"1"," [307]"
"1"," ""Coryphaena_hippurus""              "
"1"," ""Rachycentron_canadum""             "
"1","
"
"1"," [309]"
"1"," ""Remora_osteochir""                 "
"1"," ""Echeneis_naucrates""               "
"1","
"
"1"," [311]"
"1"," ""Echeneis_neucratoides""            "
"1"," ""Phtheirichthys_lineatus""          "
"1","
"
"1"," [313]"
"1"," ""Makaira_nigricans""                "
"1"," ""Istiophorus_platypterus""          "
"1","
"
"1"," [315]"
"1"," ""Kajikia_albida""                   "
"1"," ""Tetrapturus_angustirostris""       "
"1","
"
"1"," [317]"
"1"," ""Xiphias_gladius""                  "
"1"," ""Mene_maculata""                    "
"1","
"
"1"," [319]"
"1"," ""Leptobrama_muelleri""              "
"1"," ""Eleutheronema_rhadinum""           "
"1","
"
"1"," [321]"
"1"," ""Polydactylus_sextarius""           "
"1"," ""Eleutheronema_tetradactylum""      "
"1","
"
"1"," [323]"
"1"," ""Leptomelanosoma_indicum""          "
"1"," ""Polydactylus_octonemus""           "
"1","
"
"1"," [325]"
"1"," ""Polydactylus_virginicus""          "
"1"," ""Lates_microlepis""                 "
"1","
"
"1"," [327]"
"1"," ""Lates_calcarifer""                 "
"1"," ""Lates_japonicus""                  "
"1","
"
"1"," [329]"
"1"," ""Psammoperca_waigiensis""           "
"1"," ""Toxotes_jaculatrix""               "
"1","
"
"1"," [331]"
"1"," ""Toxotes_chatareus""                "
"1"," ""Betta_splendens""                  "
"1","
"
"1"," [333]"
"1"," ""Trichopodus_pectoralis""           "
"1"," ""Ctenopoma_acutirostre""            "
"1","
"
"1"," [335]"
"1"," ""Microctenopoma_nanum""             "
"1"," ""Helostoma_temminkii""              "
"1","
"
"1"," [337]"
"1"," ""Channa_lucius""                    "
"1"," ""Channa_melasoma""                  "
"1","
"
"1"," [339]"
"1"," ""Channa_striata""                   "
"1"," ""Badis_pyema""                      "
"1","
"
"1"," [341]"
"1"," ""Dario_dario""                      "
"1"," ""Nandus_nandus""                    "
"1","
"
"1"," [343]"
"1"," ""Nandus_nebulosus""                 "
"1"," ""Pristolepis_fasciata""             "
"1","
"
"1"," [345]"
"1"," ""Mastacembelus_cunningtoni""        "
"1"," ""Mastacembelus_brachyrhinus""       "
"1","
"
"1"," [347]"
"1"," ""Macrognathus_siamensis""           "
"1"," ""Mastacembelus_erythrotaenia""      "
"1","
"
"1"," [349]"
"1"," ""Monopterus_albus""                 "
"1"," ""Indostomus_paradoxus""             "
"1","
"
"1"," [351]"
"1"," ""Caffrogobius_caffer""              "
"1"," ""Caffrogobius_saldanha""            "
"1","
"
"1"," [353]"
"1"," ""Lythrypnus_dalli""                 "
"1"," ""Eviota_prasites""                  "
"1","
"
"1"," [355]"
"1"," ""Trimma_haima""                     "
"1"," ""Trimma_caesiura""                  "
"1","
"
"1"," [357]"
"1"," ""Trimma_okinawae""                  "
"1"," ""Priolepis_hipoliti""               "
"1","
"
"1"," [359]"
"1"," ""Priolepis_cincta""                 "
"1"," ""Elacatinus_oceanops""              "
"1","
"
"1"," [361]"
"1"," ""Risor_ruber""                      "
"1"," ""Gobiosoma_bosc""                   "
"1","
"
"1"," [363]"
"1"," ""Bollmannia_communis""              "
"1"," ""Istigobius_ornatus""               "
"1","
"
"1"," [365]"
"1"," ""Istigobius_decoratus""             "
"1"," ""Cabillus_lacertops""               "
"1","
"
"1"," [367]"
"1"," ""Oplopomus_oplopomus""              "
"1"," ""Valenciennea_strigata""            "
"1","
"
"1"," [369]"
"1"," ""Valenciennea_puellaris""           "
"1"," ""Amblygobius_phalaena""             "
"1","
"
"1"," [371]"
"1"," ""Coryphopterus_glaucofraenum""      "
"1"," ""Coryphopterus_personatus""         "
"1","
"
"1"," [373]"
"1"," ""Lophogobius_cyprinoides""          "
"1"," ""Fusigobius_inframaculatus""        "
"1","
"
"1"," [375]"
"1"," ""Fusigobius_duospilus""             "
"1"," ""Fusigobius_neophytus""             "
"1","
"
"1"," [377]"
"1"," ""Ctenogobiops_crocineus""           "
"1"," ""Vanderhorstia_ornatissima""        "
"1","
"
"1"," [379]"
"1"," ""Amblyeleotris_wheeleri""           "
"1"," ""Amblyeleotris_guttata""            "
"1","
"
"1"," [381]"
"1"," ""Amblyeleotris_gymnocephala""       "
"1"," ""Asterropteryx_semipunctata""       "
"1","
"
"1"," [383]"
"1"," ""Gobiodon_quinquestrigatus""        "
"1"," ""Paragobiodon_modestus""            "
"1","
"
"1"," [385]"
"1"," ""Eviota_albolineata""               "
"1"," ""Eviota_saipanensis""               "
"1","
"
"1"," [387]"
"1"," ""Amblygobius_decussatus""           "
"1"," ""Bathygobius_mystacium""            "
"1","
"
"1"," [389]"
"1"," ""Psammogobius_biocellatus""         "
"1"," ""Stonogobiops_nematodes""           "
"1","
"
"1"," [391]"
"1"," ""Ptereleotris_evides""              "
"1"," ""Ptereleotris_microlepis""          "
"1","
"
"1"," [393]"
"1"," ""Nemateleotris_magnifica""          "
"1"," ""Microdesmus_longipinnis""          "
"1","
"
"1"," [395]"
"1"," ""Microdesmus_bahianus""             "
"1"," ""Cerdale_floridana""                "
"1","
"
"1"," [397]"
"1"," ""Gunnellichthys_monostigma""        "
"1"," ""Ctenogobius_boleosoma""            "
"1","
"
"1"," [399]"
"1"," ""Gnatholepis_cauerensis""           "
"1"," ""Evorthodus_lyricus""               "
"1","
"
"1"," [401]"
"1"," ""Gnatholepis_anjerensis""           "
"1"," ""Periophthalmus_kalolo""            "
"1","
"
"1"," [403]"
"1"," ""Lepidogobius_lepidus""             "
"1"," ""Oxyeleotris_selheimi""             "
"1","
"
"1"," [405]"
"1"," ""Ophiocara_porocephala""            "
"1"," ""Eleotris_acanthopoma""             "
"1","
"
"1"," [407]"
"1"," ""Dormitator_maculatus""             "
"1"," ""Odontobutis_potamophila""          "
"1","
"
"1"," [409]"
"1"," ""Perccottus_glenii""                "
"1"," ""Astrapogon_stellatus""             "
"1","
"
"1"," [411]"
"1"," ""Astrapogon_puncticulatus""         "
"1"," ""Phaeoptyx_pigmentaria""            "
"1","
"
"1"," [413]"
"1"," ""Gymnapogon_urospilotus""           "
"1"," ""Cercamia_eremia""                  "
"1","
"
"1"," [415]"
"1"," ""Apogon_campbelli""                 "
"1"," ""Ostorhinchus_cookii""              "
"1","
"
"1"," [417]"
"1"," ""Archamia_biguttata""               "
"1"," ""Cheilodipterus_isostigmus""        "
"1","
"
"1"," [419]"
"1"," ""Pterapogon_kauderni""              "
"1"," ""Pristiapogon_exostigma""           "
"1","
"
"1"," [421]"
"1"," ""Ostorhinchus_lateralis""           "
"1"," ""Cheilodipterus_quinquelineatus""   "
"1","
"
"1"," [423]"
"1"," ""Nectamia_fusca""                   "
"1"," ""Nectamia_bandanensis""             "
"1","
"
"1"," [425]"
"1"," ""Fowleria_aurita""                  "
"1"," ""Sphaeramia_orbicularis""           "
"1","
"
"1"," [427]"
"1"," ""Pseudamia_gelatinosa""             "
"1"," ""Kurtus_gulliveri""                 "
"1","
"
"1"," [429]"
"1"," ""Hippocampus_kuda""                 "
"1"," ""Hippocampus_ingens""               "
"1","
"
"1"," [431]"
"1"," ""Hippocampus_reidi""                "
"1"," ""Hippocampus_erectus""              "
"1","
"
"1"," [433]"
"1"," ""Hippocampus_subelongatus""         "
"1"," ""Hippocampus_comes""                "
"1","
"
"1"," [435]"
"1"," ""Hippocampus_barbouri""             "
"1"," ""Hippocampus_histrix""              "
"1","
"
"1"," [437]"
"1"," ""Hippocampus_abdominalis""          "
"1"," ""Idiotropiscis_lumnitzeri""         "
"1","
"
"1"," [439]"
"1"," ""Hippichthys_penicillus""           "
"1"," ""Enneacampus_ansorgii""             "
"1","
"
"1"," [441]"
"1"," ""Syngnathus_floridae""              "
"1"," ""Syngnathus_louisianae""            "
"1","
"
"1"," [443]"
"1"," ""Syngnathus_pelagicus""             "
"1"," ""Cosmocampus_elucens""              "
"1","
"
"1"," [445]"
"1"," ""Syngnathus_typhle""                "
"1"," ""Syngnathus_taenionotus""           "
"1","
"
"1"," [447]"
"1"," ""Syngnathus_abaster""               "
"1"," ""Syngnathus_rostellatus""           "
"1","
"
"1"," [449]"
"1"," ""Syngnathus_fuscus""                "
"1"," ""Syngnathus_scovelli""              "
"1","
"
"1"," [451]"
"1"," ""Syngnathus_acus""                  "
"1"," ""Syngnathus_exilis""                "
"1","
"
"1"," [453]"
"1"," ""Syngnathus_leptorhynchus""         "
"1"," ""Syngnathus_californiensis""        "
"1","
"
"1"," [455]"
"1"," ""Syngnathus_auliscus""              "
"1"," ""Corythoichthys_schultzi""          "
"1","
"
"1"," [457]"
"1"," ""Corythoichthys_intestinalis""      "
"1"," ""Corythoichthys_amplexus""          "
"1","
"
"1"," [459]"
"1"," ""Corythoichthys_haematopterus""     "
"1"," ""Corythoichthys_flavofasciatus""    "
"1","
"
"1"," [461]"
"1"," ""Stigmatopora_nigra""               "
"1"," ""Vanacampus_phillipi""              "
"1","
"
"1"," [463]"
"1"," ""Vanacampus_poecilolaemus""         "
"1"," ""Hypselognathus_rostratus""         "
"1","
"
"1"," [465]"
"1"," ""Phyllopteryx_taeniolatus""         "
"1"," ""Phycodurus_eques""                 "
"1","
"
"1"," [467]"
"1"," ""Syngnathoides_biaculeatus""        "
"1"," ""Dunckerocampus_pessuliferus""      "
"1","
"
"1"," [469]"
"1"," ""Dunckerocampus_dactyliophorus""    "
"1"," ""Microphis_brachyurus""             "
"1","
"
"1"," [471]"
"1"," ""Nerophis_ophidion""                "
"1"," ""Entelurus_aequoreus""              "
"1","
"
"1"," [473]"
"1"," ""Macroramphosus_scolopax""          "
"1"," ""Macroramphosus_gracilis""          "
"1","
"
"1"," [475]"
"1"," ""Aeoliscus_strigatus""              "
"1"," ""Aulostomus_chinensis""             "
"1","
"
"1"," [477]"
"1"," ""Aulostomus_maculatus""             "
"1"," ""Parupeneus_barberinus""            "
"1","
"
"1"," [479]"
"1"," ""Parupeneus_multifasciatus""        "
"1"," ""Parupeneus_trifasciatus""          "
"1","
"
"1"," [481]"
"1"," ""Parupeneus_cyclostomus""           "
"1"," ""Pseudupeneus_maculatus""           "
"1","
"
"1"," [483]"
"1"," ""Pseudupeneus_grandisquamis""       "
"1"," ""Upeneichthys_lineatus""            "
"1","
"
"1"," [485]"
"1"," ""Mulloidichthys_martinicus""        "
"1"," ""Upeneus_tragula""                  "
"1","
"
"1"," [487]"
"1"," ""Mulloidichthys_vanicolensis""      "
"1"," ""Parupeneus_rubescens""             "
"1","
"
"1"," [489]"
"1"," ""Mullus_auratus""                   "
"1"," ""Champsodon_snyderi""               "
"1","
"
"1"," [491]"
"1"," ""Synchiropus_atrilabiatus""         "
"1"," ""Foetorepus_agassizii""             "
"1","
"
"1"," [493]"
"1"," ""Synchiropus_stellatus""            "
"1"," ""Synchiropus_ocellatus""            "
"1","
"
"1"," [495]"
"1"," ""Dactylopus_dactylopus""            "
"1"," ""Diplogrammus_goramensis""          "
"1","
"
"1"," [497]"
"1"," ""Synchiropus_splendidus""           "
"1"," ""Synchiropus_picturatus""           "
"1","
"
"1"," [499]"
"1"," ""Fistularia_corneta""               "
"1"," ""Fistularia_commersonii""           "
"1","
"
"1"," [501]"
"1"," ""Fistularia_petimba""               "
"1"," ""Pegasus_volitans""                 "
"1","
"
"1"," [503]"
"1"," ""Dactyloptena_peterseni""           "
"1"," ""Dactyloptena_orientalis""          "
"1","
"
"1"," [505]"
"1"," ""Dactylopterus_volitans""           "
"1"," ""Scomberomorus_maculatus""          "
"1","
"
"1"," [507]"
"1"," ""Scomberomorus_regalis""            "
"1"," ""Scomber_japonicus""                "
"1","
"
"1"," [509]"
"1"," ""Scomber_scombrus""                 "
"1"," ""Thunnus_albacares""                "
"1","
"
"1"," [511]"
"1"," ""Katsuwonus_pelamis""               "
"1"," ""Euthynnus_affinis""                "
"1","
"
"1"," [513]"
"1"," ""Euthynnus_alletteratus""           "
"1"," ""Sarda_sarda""                      "
"1","
"
"1"," [515]"
"1"," ""Acanthocybium_solandri""           "
"1"," ""Gymnosarda_unicolor""              "
"1","
"
"1"," [517]"
"1"," ""Icosteus_aenigmaticus""            "
"1"," ""Psenes_maculatus""                 "
"1","
"
"1"," [519]"
"1"," ""Psenes_cyanophrys""                "
"1"," ""Cubiceps_baxteri""                 "
"1","
"
"1"," [521]"
"1"," ""Cubiceps_gracilis""                "
"1"," ""Cubiceps_pauciradiatus""           "
"1","
"
"1"," [523]"
"1"," ""Ariomma_bondi""                    "
"1"," ""Ariomma_melanum""                  "
"1","
"
"1"," [525]"
"1"," ""Peprilus_paru""                    "
"1"," ""Peprilus_simillimus""              "
"1","
"
"1"," [527]"
"1"," ""Peprilus_burti""                   "
"1"," ""Brama_japonica""                   "
"1","
"
"1"," [529]"
"1"," ""Brama_brama""                      "
"1"," ""Pterycombus_brama""                "
"1","
"
"1"," [531]"
"1"," ""Taractichthys_longipinnis""        "
"1"," ""Taractes_asper""                   "
"1","
"
"1"," [533]"
"1"," ""Trichiurus_lepturus""              "
"1"," ""Assurger_anzac""                   "
"1","
"
"1"," [535]"
"1"," ""Lepidopus_altifrons""              "
"1"," ""Evoxymetopon_taeniatus""           "
"1","
"
"1"," [537]"
"1"," ""Aphanopus_carbo""                  "
"1"," ""Benthodesmus_simonyi""             "
"1","
"
"1"," [539]"
"1"," ""Nealotus_tripes""                  "
"1"," ""Gempylus_serpens""                 "
"1","
"
"1"," [541]"
"1"," ""Ruvettus_pretiosus""               "
"1"," ""Neoepinnula_americana""            "
"1","
"
"1"," [543]"
"1"," ""Neoepinnula_orientalis""           "
"1"," ""Icichthys_lockingtoni""            "
"1","
"
"1"," [545]"
"1"," ""Arripis_georgianus""               "
"1"," ""Arripis_trutta""                   "
"1","
"
"1"," [547]"
"1"," ""Pomatomus_saltatrix""              "
"1"," ""Kali_indica""                      "
"1","
"
"1"," [549]"
"1"," ""Chiasmodon_niger""                 "
"1"," ""Kali_kerberti""                    "
"1","
"
"1"," [551]"
"1"," ""Chitonotus_pugetensis""            "
"1"," ""Icelinus_filamentosus""            "
"1","
"
"1"," [553]"
"1"," ""Icelinus_quadriseriatus""          "
"1"," ""Rastrinus_scutiger""               "
"1","
"
"1"," [555]"
"1"," ""Myoxocephalus_polyacanthocephalus"""
"1"," ""Myoxocephalus_octodecemspinosus""  "
"1","
"
"1"," [557]"
"1"," ""Enophrys_taurina""                 "
"1"," ""Gymnocanthus_galeatus""            "
"1","
"
"1"," [559]"
"1"," ""Cottunculus_thomsonii""            "
"1"," ""Psychrolutes_phrictus""            "
"1","
"
"1"," [561]"
"1"," ""Malacocottus_zonurus""             "
"1"," ""Dasycottus_setiger""               "
"1","
"
"1"," [563]"
"1"," ""Artediellus_uncinatus""            "
"1"," ""Triglops_macellus""                "
"1","
"
"1"," [565]"
"1"," ""Triglops_scepticus""               "
"1"," ""Radulinus_asprellus""              "
"1","
"
"1"," [567]"
"1"," ""Cottus_carolinae""                 "
"1"," ""Leptocottus_armatus""              "
"1","
"
"1"," [569]"
"1"," ""Aspidophoroides_monopterygius""    "
"1"," ""Sarritor_leptorhynchus""           "
"1","
"
"1"," [571]"
"1"," ""Bathyagonus_pentacanthus""         "
"1"," ""Xeneretmus_latifrons""             "
"1","
"
"1"," [573]"
"1"," ""Bathyagonus_alascanus""            "
"1"," ""Stellerina_xyosterna""             "
"1","
"
"1"," [575]"
"1"," ""Hypsagonus_quadricornis""          "
"1"," ""Hemilepidotus_jordani""            "
"1","
"
"1"," [577]"
"1"," ""Hemilepidotus_zapus""              "
"1"," ""Scorpaenichthys_marmoratus""       "
"1","
"
"1"," [579]"
"1"," ""Rhinoliparis_barbulifer""          "
"1"," ""Paraliparis_hystrix""              "
"1","
"
"1"," [581]"
"1"," ""Careproctus_melanurus""            "
"1"," ""Careproctus_rastrinus""            "
"1","
"
"1"," [583]"
"1"," ""Liparis_gibbus""                   "
"1"," ""Liparis_pulchellus""               "
"1","
"
"1"," [585]"
"1"," ""Eumicrotremus_orbis""              "
"1"," ""Cyclopterus_lumpus""               "
"1","
"
"1"," [587]"
"1"," ""Trichodon_trichodon""              "
"1"," ""Hexagrammos_lagocephalus""         "
"1","
"
"1"," [589]"
"1"," ""Hexagrammos_decagrammus""          "
"1"," ""Pleurogrammus_monopterygius""      "
"1","
"
"1"," [591]"
"1"," ""Lycodes_brevipes""                 "
"1"," ""Lycodes_terraenovae""              "
"1","
"
"1"," [593]"
"1"," ""Bothrocara_brunneum""              "
"1"," ""Bothrocara_hollandi""              "
"1","
"
"1"," [595]"
"1"," ""Lycodapus_mandibularis""           "
"1"," ""Lycodes_diapterus""                "
"1","
"
"1"," [597]"
"1"," ""Melanostigma_pammelas""            "
"1"," ""Lycenchelys_crotalinus""           "
"1","
"
"1"," [599]"
"1"," ""Eucryphycus_californicus""         "
"1"," ""Zoarces_americanus""               "
"1","
"
"1"," [601]"
"1"," ""Anarhichas_denticulatus""          "
"1"," ""Anarhichas_orientalis""            "
"1","
"
"1"," [603]"
"1"," ""Anarrhichthys_ocellatus""          "
"1"," ""Lumpenus_fabricii""                "
"1","
"
"1"," [605]"
"1"," ""Lumpenus_lampretaeformis""         "
"1"," ""Leptoclinus_maculatus""            "
"1","
"
"1"," [607]"
"1"," ""Poroclinus_rothrocki""             "
"1"," ""Cryptacanthodes_maculatus""        "
"1","
"
"1"," [609]"
"1"," ""Zaprora_silenus""                  "
"1"," ""Pholis_crassispina""               "
"1","
"
"1"," [611]"
"1"," ""Pholis_ornata""                    "
"1"," ""Bryozoichthys_marjorius""          "
"1","
"
"1"," [613]"
"1"," ""Cebidichthys_violaceus""           "
"1"," ""Bathymaster_signatus""             "
"1","
"
"1"," [615]"
"1"," ""Bathymaster_caeruleofasciatus""    "
"1"," ""Rathbunella_hypoplecta""           "
"1","
"
"1"," [617]"
"1"," ""Zaniolepis_frenata""               "
"1"," ""Pungitius_pungitius""              "
"1","
"
"1"," [619]"
"1"," ""Culaea_inconstans""                "
"1"," ""Apeltes_quadracus""                "
"1","
"
"1"," [621]"
"1"," ""Spinachia_spinachia""              "
"1"," ""Gasterosteus_wheatlandi""          "
"1","
"
"1"," [623]"
"1"," ""Gasterosteus_aculeatus""           "
"1"," ""Aulichthys_japonicus""             "
"1","
"
"1"," [625]"
"1"," ""Hypoptychus_dybowskii""            "
"1"," ""Aulorhynchus_flavidus""            "
"1","
"
"1"," [627]"
"1"," ""Anoplopoma_fimbria""               "
"1"," ""Prionotus_stephanophrys""          "
"1","
"
"1"," [629]"
"1"," ""Prionotus_evolans""                "
"1"," ""Prionotus_carolinus""              "
"1","
"
"1"," [631]"
"1"," ""Bellator_militaris""               "
"1"," ""Peristedion_gracile""              "
"1","
"
"1"," [633]"
"1"," ""Peristedion_truncatum""            "
"1"," ""Peristedion_ecuadorense""          "
"1","
"
"1"," [635]"
"1"," ""Sebastes_paucispinis""             "
"1"," ""Sebastes_jordani""                 "
"1","
"
"1"," [637]"
"1"," ""Sebastes_diploproa""               "
"1"," ""Sebastes_aurora""                  "
"1","
"
"1"," [639]"
"1"," ""Sebastes_ruberrimus""              "
"1"," ""Sebastes_fasciatus""               "
"1","
"
"1"," [641]"
"1"," ""Helicolenus_dactylopterus""        "
"1"," ""Sebastolobus_alascanus""           "
"1","
"
"1"," [643]"
"1"," ""Adelosebastes_latens""             "
"1"," ""Pontinus_longispinis""             "
"1","
"
"1"," [645]"
"1"," ""Pontinus_rathbuni""                "
"1"," ""Pterois_antennata""                "
"1","
"
"1"," [647]"
"1"," ""Pterois_radiata""                  "
"1"," ""Dendrochirus_zebra""               "
"1","
"
"1"," [649]"
"1"," ""Pterois_miles""                    "
"1"," ""Scorpaenodes_albaiensis""          "
"1","
"
"1"," [651]"
"1"," ""Scorpaenodes_guamensis""           "
"1"," ""Scorpaenopsis_oxycephala""         "
"1","
"
"1"," [653]"
"1"," ""Scorpaenopsis_longispina""         "
"1"," ""Scorpaena_brasiliensis""           "
"1","
"
"1"," [655]"
"1"," ""Scorpaena_agassizii""              "
"1"," ""Scorpaena_dispar""                 "
"1","
"
"1"," [657]"
"1"," ""Scorpaena_guttata""                "
"1"," ""Caracanthus_maculatus""            "
"1","
"
"1"," [659]"
"1"," ""Caracanthus_unipinna""             "
"1"," ""Sebastapistes_cyanostigma""        "
"1","
"
"1"," [661]"
"1"," ""Iracundus_signifer""               "
"1"," ""Taenianotus_triacanthus""          "
"1","
"
"1"," [663]"
"1"," ""Neomerinthe_hemingwayi""           "
"1"," ""Setarches_guentheri""              "
"1","
"
"1"," [665]"
"1"," ""Coccotropsis_gymnoderma""          "
"1"," ""Synanceia_verrucosa""              "
"1","
"
"1"," [667]"
"1"," ""Sunagocia_arenicola""              "
"1"," ""Thysanophrys_chiltonae""           "
"1","
"
"1"," [669]"
"1"," ""Platycephalus_indicus""            "
"1"," ""Epinephelus_maculatus""            "
"1","
"
"1"," [671]"
"1"," ""Epinephelus_merra""                "
"1"," ""Mycteroperca_bonaci""              "
"1","
"
"1"," [673]"
"1"," ""Cephalopholis_miniata""            "
"1"," ""Cephalopholis_fulva""              "
"1","
"
"1"," [675]"
"1"," ""Cephalopholis_argus""              "
"1"," ""Aethaloperca_rogaa""               "
"1","
"
"1"," [677]"
"1"," ""Rypticus_subbifrenatus""           "
"1"," ""Rypticus_saponaceus""              "
"1","
"
"1"," [679]"
"1"," ""Grammistes_sexlineatus""           "
"1"," ""Grammistops_ocellatus""            "
"1","
"
"1"," [681]"
"1"," ""Pseudogramma_polyacantha""         "
"1"," ""Aporops_bilinearis""               "
"1","
"
"1"," [683]"
"1"," ""Liopropoma_rubre""                 "
"1"," ""Liopropoma_mowbrayi""              "
"1","
"
"1"," [685]"
"1"," ""Hypoplectrus_puella""              "
"1"," ""Diplectrum_formosum""              "
"1","
"
"1"," [687]"
"1"," ""Diplectrum_bivittatum""            "
"1"," ""Serranus_notospilus""              "
"1","
"
"1"," [689]"
"1"," ""Serranus_phoebe""                  "
"1"," ""Serranus_baldwini""                "
"1","
"
"1"," [691]"
"1"," ""Serranus_tigrinus""                "
"1"," ""Paralabrax_nebulifer""             "
"1","
"
"1"," [693]"
"1"," ""Centropristis_striata""            "
"1"," ""Pseudanthias_squamipinnis""        "
"1","
"
"1"," [695]"
"1"," ""Pseudanthias_pascalus""            "
"1"," ""Anthias_nicholsi""                 "
"1","
"
"1"," [697]"
"1"," ""Pronotogrammus_martinicensis""     "
"1"," ""Baldwinella_aureorubens""          "
"1","
"
"1"," [699]"
"1"," ""Odontanthias_chrysostictus""       "
"1"," ""Chionobathyscus_dewitti""          "
"1","
"
"1"," [701]"
"1"," ""Chionodraco_rastrospinosus""       "
"1"," ""Parachaenichthys_charcoti""        "
"1","
"
"1"," [703]"
"1"," ""Gymnodraco_acuticeps""             "
"1"," ""Pogonophryne_barsukovi""           "
"1","
"
"1"," [705]"
"1"," ""Artedidraco_orianae""              "
"1"," ""Harpagifer_antarcticus""           "
"1","
"
"1"," [707]"
"1"," ""Notothenia_coriiceps""             "
"1"," ""Patagonotothen_tessellata""        "
"1","
"
"1"," [709]"
"1"," ""Pagothenia_borchgrevinki""         "
"1"," ""Gobionotothen_gibberifrons""       "
"1","
"
"1"," [711]"
"1"," ""Dissostichus_eleginoides""         "
"1"," ""Eleginops_maclovinus""             "
"1","
"
"1"," [713]"
"1"," ""Pseudaphritis_urvillii""           "
"1"," ""Bovichtus_diacanthus""             "
"1","
"
"1"," [715]"
"1"," ""Etheostoma_simoterum""             "
"1"," ""Etheostoma_zonale""                "
"1","
"
"1"," [717]"
"1"," ""Etheostoma_vitreum""               "
"1"," ""Etheostoma_juliae""                "
"1","
"
"1"," [719]"
"1"," ""Percina_phoxocephala""             "
"1"," ""Percina_nigrofasciata""            "
"1","
"
"1"," [721]"
"1"," ""Percina_caprodes""                 "
"1"," ""Ammocrypta_beanii""                "
"1","
"
"1"," [723]"
"1"," ""Ammocrypta_pellucida""             "
"1"," ""Ammocrypta_meridiana""             "
"1","
"
"1"," [725]"
"1"," ""Crystallaria_asprella""            "
"1"," ""Zingel_zingel""                    "
"1","
"
"1"," [727]"
"1"," ""Romanichthys_valsanicola""         "
"1"," ""Zingel_streber""                   "
"1","
"
"1"," [729]"
"1"," ""Sander_vitreus""                   "
"1"," ""Perca_flavescens""                 "
"1","
"
"1"," [731]"
"1"," ""Perca_fluviatilis""                "
"1"," ""Gymnocephalus_schraetser""         "
"1","
"
"1"," [733]"
"1"," ""Niphon_spinosus""                  "
"1"," ""Bembrops_gobioides""               "
"1","
"
"1"," [735]"
"1"," ""Bembrops_anatirostris""            "
"1"," ""Lepomis_macrochirus""              "
"1","
"
"1"," [737]"
"1"," ""Lepomis_cyanellus""                "
"1"," ""Micropterus_salmoides""            "
"1","
"
"1"," [739]"
"1"," ""Ambloplites_rupestris""            "
"1"," ""Pomoxis_nigromaculatus""           "
"1","
"
"1"," [741]"
"1"," ""Archoplites_interruptus""          "
"1"," ""Acantharchus_pomotis""             "
"1","
"
"1"," [743]"
"1"," ""Elassoma_zonatum""                 "
"1"," ""Elassoma_evergladei""              "
"1","
"
"1"," [745]"
"1"," ""Elassoma_okefenokee""              "
"1"," ""Siniperca_scherzeri""              "
"1","
"
"1"," [747]"
"1"," ""Siniperca_chuatsi""                "
"1"," ""Coreoperca_whiteheadi""            "
"1","
"
"1"," [749]"
"1"," ""Nannoperca_australis""             "
"1"," ""Macquaria_ambigua""                "
"1","
"
"1"," [751]"
"1"," ""Percilia_irwini""                  "
"1"," ""Percichthys_trucha""               "
"1","
"
"1"," [753]"
"1"," ""Maccullochella_peelii""            "
"1"," ""Gadopsis_marmoratus""              "
"1","
"
"1"," [755]"
"1"," ""Cheilodactylus_variegatus""        "
"1"," ""Chirodactylus_brachydactylus""     "
"1","
"
"1"," [757]"
"1"," ""Chirodactylus_jessicalenorum""     "
"1"," ""Latridopsis_forsteri""             "
"1","
"
"1"," [759]"
"1"," ""Latris_lineata""                   "
"1"," ""Chironemus_georgianus""            "
"1","
"
"1"," [761]"
"1"," ""Chironemus_maculosus""             "
"1"," ""Aplodactylus_arctidens""           "
"1","
"
"1"," [763]"
"1"," ""Aplodactylus_etheridgii""          "
"1"," ""Cheilodactylus_fasciatus""         "
"1","
"
"1"," [765]"
"1"," ""Cheilodactylus_pixi""              "
"1"," ""Paracirrhites_forsteri""           "
"1","
"
"1"," [767]"
"1"," ""Amblycirrhitus_pinos""             "
"1"," ""Cirrhitichthys_falco""             "
"1","
"
"1"," [769]"
"1"," ""Cirrhitichthys_oxycephalus""       "
"1"," ""Neocirrhites_armatus""             "
"1","
"
"1"," [771]"
"1"," ""Enoplosus_armatus""                "
"1"," ""Hephaestus_fuliginosus""           "
"1","
"
"1"," [773]"
"1"," ""Scortum_barcoo""                   "
"1"," ""Terapon_jarbua""                   "
"1","
"
"1"," [775]"
"1"," ""Kuhlia_mugil""                     "
"1"," ""Kuhlia_rupestris""                 "
"1","
"
"1"," [777]"
"1"," ""Kuhlia_marginata""                 "
"1"," ""Girella_nigricans""                "
"1","
"
"1"," [779]"
"1"," ""Dichistius_capensis""              "
"1"," ""Kyphosus_incisor""                 "
"1","
"
"1"," [781]"
"1"," ""Kyphosus_cinerascens""             "
"1"," ""Kyphosus_elegans""                 "
"1","
"
"1"," [783]"
"1"," ""Kyphosus_sectatrix""               "
"1"," ""Oplegnathus_punctatus""            "
"1","
"
"1"," [785]"
"1"," ""Macquaria_colonorum""              "
"1"," ""Macquaria_novemaculeata""          "
"1","
"
"1"," [787]"
"1"," ""Epigonus_telescopus""              "
"1"," ""Epigonus_pandionis""               "
"1","
"
"1"," [789]"
"1"," ""Acropoma_japonicum""               "
"1"," ""Bathyclupea_argentea""             "
"1","
"
"1"," [791]"
"1"," ""Synagrops_bellus""                 "
"1"," ""Synagrops_spinosus""               "
"1","
"
"1"," [793]"
"1"," ""Howella_brodiei""                  "
"1"," ""Howella_zina""                     "
"1","
"
"1"," [795]"
"1"," ""Paristiopterus_labiosus""          "
"1"," ""Zanclistius_elevatus""             "
"1","
"
"1"," [797]"
"1"," ""Histiopterus_typus""               "
"1"," ""Banjos_banjos""                    "
"1","
"
"1"," [799]"
"1"," ""Malakichthys_elegans""             "
"1"," ""Stereolepis_gigas""                "
"1","
"
"1"," [801]"
"1"," ""Lateolabrax_japonicus""            "
"1"," ""Polyprion_oxygeneios""             "
"1","
"
"1"," [803]"
"1"," ""Polyprion_americanus""             "
"1"," ""Parapercis_clathrata""             "
"1","
"
"1"," [805]"
"1"," ""Parapercis_hexophtalma""           "
"1"," ""Parapercis_punctulata""            "
"1","
"
"1"," [807]"
"1"," ""Ammodytes_hexapterus""             "
"1"," ""Ammodytes_dubius""                 "
"1","
"
"1"," [809]"
"1"," ""Cheimarrichthys_fosteri""          "
"1"," ""Kathetostoma_averruncus""          "
"1","
"
"1"," [811]"
"1"," ""Kathetostoma_albigutta""           "
"1"," ""Uranoscopus_sulphureus""           "
"1","
"
"1"," [813]"
"1"," ""Centrogenys_vaigiensis""           "
"1"," ""Eucinostomus_gula""                "
"1","
"
"1"," [815]"
"1"," ""Eucinostomus_argenteus""           "
"1"," ""Ulaema_lefroyi""                   "
"1","
"
"1"," [817]"
"1"," ""Gerres_cinereus""                  "
"1"," ""Gerres_longirostris""              "
"1","
"
"1"," [819]"
"1"," ""Gerres_oyena""                     "
"1"," ""Eugerres_plumieri""                "
"1","
"
"1"," [821]"
"1"," ""Sillago_sihama""                   "
"1"," ""Morone_americana""                 "
"1","
"
"1"," [823]"
"1"," ""Morone_mississippiensis""          "
"1"," ""Morone_saxatilis""                 "
"1","
"
"1"," [825]"
"1"," ""Morone_chrysops""                  "
"1"," ""Dicentrarchus_labrax""             "
"1","
"
"1"," [827]"
"1"," ""Haemulon_sciurus""                 "
"1"," ""Haemulon_plumierii""               "
"1","
"
"1"," [829]"
"1"," ""Haemulon_vittatum""                "
"1"," ""Haemulon_aurolineatum""            "
"1","
"
"1"," [831]"
"1"," ""Xenistius_californiensis""         "
"1"," ""Anisotremus_virginicus""           "
"1","
"
"1"," [833]"
"1"," ""Anisotremus_surinamensis""         "
"1"," ""Pomadasys_corvinaeformis""         "
"1","
"
"1"," [835]"
"1"," ""Conodon_nobilis""                  "
"1"," ""Orthopristis_chrysoptera""         "
"1","
"
"1"," [837]"
"1"," ""Plectorhinchus_chaetodonoides""    "
"1"," ""Plectorhinchus_vittatus""          "
"1","
"
"1"," [839]"
"1"," ""Lutjanus_biguttatus""              "
"1"," ""Lutjanus_campechanus""             "
"1","
"
"1"," [841]"
"1"," ""Rhomboplites_aurorubens""          "
"1"," ""Ocyurus_chrysurus""                "
"1","
"
"1"," [843]"
"1"," ""Lutjanus_mahogoni""                "
"1"," ""Lutjanus_griseus""                 "
"1","
"
"1"," [845]"
"1"," ""Pterocaesio_pisang""               "
"1"," ""Caesio_xanthonota""                "
"1","
"
"1"," [847]"
"1"," ""Caesio_teres""                     "
"1"," ""Pterocaesio_tile""                 "
"1","
"
"1"," [849]"
"1"," ""Caesio_varilineata""               "
"1"," ""Caesio_caerulaurea""               "
"1","
"
"1"," [851]"
"1"," ""Macolor_niger""                    "
"1"," ""Aphareus_furca""                   "
"1","
"
"1"," [853]"
"1"," ""Pristipomoides_auricilla""         "
"1"," ""Pristipomoides_aquilonaris""       "
"1","
"
"1"," [855]"
"1"," ""Aprion_virescens""                 "
"1"," ""Apsilus_dentatus""                 "
"1","
"
"1"," [857]"
"1"," ""Apolemichthys_trimaculatus""       "
"1"," ""Pygoplites_diacanthus""            "
"1","
"
"1"," [859]"
"1"," ""Holacanthus_passer""               "
"1"," ""Holacanthus_ciliaris""             "
"1","
"
"1"," [861]"
"1"," ""Holacanthus_tricolor""             "
"1"," ""Centropyge_bicolor""               "
"1","
"
"1"," [863]"
"1"," ""Centropyge_nox""                   "
"1"," ""Pomacanthus_semicirculatus""       "
"1","
"
"1"," [865]"
"1"," ""Pomacanthus_imperator""            "
"1"," ""Pomacanthus_arcuatus""             "
"1","
"
"1"," [867]"
"1"," ""Pomacanthus_zonipectus""           "
"1"," ""Chaetodontoplus_melanosoma""       "
"1","
"
"1"," [869]"
"1"," ""Erythrocles_schlegelii""           "
"1"," ""Monodactylus_argenteus""           "
"1","
"
"1"," [871]"
"1"," ""Chaetodon_auriga""                 "
"1"," ""Chaetodon_capistratus""            "
"1","
"
"1"," [873]"
"1"," ""Chaetodon_striatus""               "
"1"," ""Chaetodon_ocellatus""              "
"1","
"
"1"," [875]"
"1"," ""Chaetodon_plebeius""               "
"1"," ""Chaetodon_reticulatus""            "
"1","
"
"1"," [877]"
"1"," ""Chaetodon_ornatissimus""           "
"1"," ""Prognathodes_aya""                 "
"1","
"
"1"," [879]"
"1"," ""Heniochus_varius""                 "
"1"," ""Johnrandallia_nigrirostris""       "
"1","
"
"1"," [881]"
"1"," ""Heniochus_chrysostomus""           "
"1"," ""Hemitaurichthys_polylepis""        "
"1","
"
"1"," [883]"
"1"," ""Forcipiger_flavissimus""           "
"1"," ""Chelmon_rostratus""                "
"1","
"
"1"," [885]"
"1"," ""Gazza_minuta""                     "
"1"," ""Leiognathus_equulus""              "
"1","
"
"1"," [887]"
"1"," ""Hapalogenys_kishinouyei""          "
"1"," ""Hapalogenys_nigripinnis""          "
"1","
"
"1"," [889]"
"1"," ""Lobotes_pacificus""                "
"1"," ""Diplodus_bermudensis""             "
"1","
"
"1"," [891]"
"1"," ""Diplodus_annularis""               "
"1"," ""Acanthopagrus_latus""              "
"1","
"
"1"," [893]"
"1"," ""Sparidentex_hasta""                "
"1"," ""Rhabdosargus_haffara""             "
"1","
"
"1"," [895]"
"1"," ""Lithognathus_mormyrus""            "
"1"," ""Pachymetopon_grande""              "
"1","
"
"1"," [897]"
"1"," ""Oblada_melanura""                  "
"1"," ""Boops_boops""                      "
"1","
"
"1"," [899]"
"1"," ""Sarpa_salpa""                      "
"1"," ""Acanthopagrus_catenula""           "
"1","
"
"1"," [901]"
"1"," ""Spondyliosoma_cantharus""          "
"1"," ""Spicara_maena""                    "
"1","
"
"1"," [903]"
"1"," ""Spicara_smaris""                   "
"1"," ""Calamus_nodosus""                  "
"1","
"
"1"," [905]"
"1"," ""Calamus_penna""                    "
"1"," ""Stenotomus_chrysops""              "
"1","
"
"1"," [907]"
"1"," ""Archosargus_probatocephalus""      "
"1"," ""Lagodon_rhomboides""               "
"1","
"
"1"," [909]"
"1"," ""Calamus_calamus""                  "
"1"," ""Virididentex_acromegalus""         "
"1","
"
"1"," [911]"
"1"," ""Cheimerius_nufar""                 "
"1"," ""Dentex_dentex""                    "
"1","
"
"1"," [913]"
"1"," ""Pagellus_erythrinus""              "
"1"," ""Pagrus_pagrus""                    "
"1","
"
"1"," [915]"
"1"," ""Sparus_aurata""                    "
"1"," ""Argyrops_spinifer""                "
"1","
"
"1"," [917]"
"1"," ""Chrysoblephus_laticeps""           "
"1"," ""Porcostoma_dentata""               "
"1","
"
"1"," [919]"
"1"," ""Argyrozona_argyrozona""            "
"1"," ""Spicara_alta""                     "
"1","
"
"1"," [921]"
"1"," ""Pentapodus_caninus""               "
"1"," ""Scolopsis_bilineata""              "
"1","
"
"1"," [923]"
"1"," ""Scolopsis_margaritifera""          "
"1"," ""Lethrinus_obsoletus""              "
"1","
"
"1"," [925]"
"1"," ""Lethrinus_harak""                  "
"1"," ""Lethrinus_atkinsoni""              "
"1","
"
"1"," [927]"
"1"," ""Lethrinus_erythropterus""          "
"1"," ""Lethrinus_olivaceus""              "
"1","
"
"1"," [929]"
"1"," ""Gymnocranius_grandoculis""         "
"1"," ""Monotaxis_grandoculis""            "
"1","
"
"1"," [931]"
"1"," ""Caulolatilus_intermedius""         "
"1"," ""Caulolatilus_princeps""            "
"1","
"
"1"," [933]"
"1"," ""Malacanthus_plumieri""             "
"1"," ""Cynoscion_regalis""                "
"1","
"
"1"," [935]"
"1"," ""Cynoscion_arenarius""              "
"1"," ""Atractoscion_nobilis""             "
"1","
"
"1"," [937]"
"1"," ""Micropogonias_undulatus""          "
"1"," ""Sciaenops_ocellatus""              "
"1","
"
"1"," [939]"
"1"," ""Menticirrhus_saxatilis""           "
"1"," ""Menticirrhus_undulatus""           "
"1","
"
"1"," [941]"
"1"," ""Pogonias_cromis""                  "
"1"," ""Aplodinotus_grunniens""            "
"1","
"
"1"," [943]"
"1"," ""Leiostomus_xanthurus""             "
"1"," ""Odontoscion_dentex""               "
"1","
"
"1"," [945]"
"1"," ""Bairdiella_chrysoura""             "
"1"," ""Stellifer_lanceolatus""            "
"1","
"
"1"," [947]"
"1"," ""Pareques_acuminatus""              "
"1"," ""Pareques_umbrosus""                "
"1","
"
"1"," [949]"
"1"," ""Umbrina_coroides""                 "
"1"," ""Cheilotrema_saturnum""             "
"1","
"
"1"," [951]"
"1"," ""Larimus_breviceps""                "
"1"," ""Genyonemus_lineatus""              "
"1","
"
"1"," [953]"
"1"," ""Seriphus_politus""                 "
"1"," ""Acanthurus_bahianus""              "
"1","
"
"1"," [955]"
"1"," ""Ctenochaetus_truncatus""           "
"1"," ""Ctenochaetus_strigosus""           "
"1","
"
"1"," [957]"
"1"," ""Ctenochaetus_striatus""            "
"1"," ""Acanthurus_leucosternon""          "
"1","
"
"1"," [959]"
"1"," ""Acanthurus_guttatus""              "
"1"," ""Acanthurus_lineatus""              "
"1","
"
"1"," [961]"
"1"," ""Acanthurus_triostegus""            "
"1"," ""Zebrasoma_rostratum""              "
"1","
"
"1"," [963]"
"1"," ""Zebrasoma_flavescens""             "
"1"," ""Zebrasoma_scopas""                 "
"1","
"
"1"," [965]"
"1"," ""Zebrasoma_velifer""                "
"1"," ""Paracanthurus_hepatus""            "
"1","
"
"1"," [967]"
"1"," ""Naso_brevirostris""                "
"1"," ""Naso_lituratus""                   "
"1","
"
"1"," [969]"
"1"," ""Naso_unicornis""                   "
"1"," ""Zanclus_cornutus""                 "
"1","
"
"1"," [971]"
"1"," ""Luvarus_imperialis""               "
"1"," ""Drepane_punctata""                 "
"1","
"
"1"," [973]"
"1"," ""Platax_teira""                     "
"1"," ""Platax_orbicularis""               "
"1","
"
"1"," [975]"
"1"," ""Chaetodipterus_faber""             "
"1"," ""Siganus_vulpinus""                 "
"1","
"
"1"," [977]"
"1"," ""Siganus_stellatus""                "
"1"," ""Siganus_punctatus""                "
"1","
"
"1"," [979]"
"1"," ""Siganus_spinus""                   "
"1"," ""Siganus_argenteus""                "
"1","
"
"1"," [981]"
"1"," ""Capros_aper""                      "
"1"," ""Antigonia_capros""                 "
"1","
"
"1"," [983]"
"1"," ""Antigonia_rubescens""              "
"1"," ""Priacanthus_arenatus""             "
"1","
"
"1"," [985]"
"1"," ""Heteropriacanthus_cruentatus""     "
"1"," ""Pristigenys_alta""                 "
"1","
"
"1"," [987]"
"1"," ""Scatophagus_argus""                "
"1"," ""Selenotoca_multifasciata""         "
"1","
"
"1"," [989]"
"1"," ""Arothron_hispidus""                "
"1"," ""Arothron_nigropunctatus""          "
"1","
"
"1"," [991]"
"1"," ""Tetraodon_miurus""                 "
"1"," ""Canthigaster_jactator""            "
"1","
"
"1"," [993]"
"1"," ""Canthigaster_valentini""           "
"1"," ""Canthigaster_bennetti""            "
"1","
"
"1"," [995]"
"1"," ""Tetraodon_fluviatilis""            "
"1"," ""Tetraodon_nigroviridis""           "
"1","
"
"1"," [997]"
"1"," ""Takifugu_rubripes""                "
"1"," ""Tetractenos_hamiltoni""            "
"1","
"
"1"," [999]"
"1"," ""Sphoeroides_maculatus""            "
"1"," ""Sphoeroides_nephelus""             "
"1","
"
"1"," [ reached getOption(""max.print"") -- omitted 653 entries ]
"
